"Dødelighet (0-74 år)",,,,,,,
,,,,,,,
,,,,,,,
"Variabler i filter",,,,,,,
"Kjønn, kjønn samlet",,,,,,,
"per 100 000, standardisert",,,,,,,
,,,,,,,
"År",,"1998-2007","1999-2008","2000-2009","2001-2010","2002-2011","2003-2012"
"Geografi","Dødsårsak","1998-2007","1999-2008","2000-2009","2001-2010","2002-2011","2003-2012"
"Halden","Hjerte-og karsykdommer (I00-I99)",87.3,84.9,79.2,74,74.3,70.4
"Moss","Hjerte-og karsykdommer (I00-I99)",82.8,79,76.8,74.4,74.4,73.1
"Sarpsborg","Hjerte-og karsykdommer (I00-I99)",90.3,87,81.8,80.4,73.2,71.5
"Fredrikstad","Hjerte-og karsykdommer (I00-I99)",91.3,86.5,80.2,76.6,72,68.8
"Hvaler","Hjerte-og karsykdommer (I00-I99)",103.6,86.4,78.1,69,57.6,61.1
"Aremark","Hjerte-og karsykdommer (I00-I99)",97.3,103.7,97.5,90.9,84.1,89.9
"Marker","Hjerte-og karsykdommer (I00-I99)",116.1,118.6,105.3,99.4,87.8,83.8
"Rømskog","Hjerte-og karsykdommer (I00-I99)",82.9,72.6,72.6,72.6,62.2,40.1
"Trøgstad","Hjerte-og karsykdommer (I00-I99)",87.4,81.1,76.3,75.8,73.6,80.4
"Spydeberg","Hjerte-og karsykdommer (I00-I99)",130.1,123.2,112.5,100.8,99.3,86.9
"Askim","Hjerte-og karsykdommer (I00-I99)",81.1,74.8,65.6,72.8,70.2,71.6
"Eidsberg","Hjerte-og karsykdommer (I00-I99)",96.9,86.9,74.9,71.4,64,60.1
"Skiptvet","Hjerte-og karsykdommer (I00-I99)",90.8,84.5,84.4,74.7,71.1,73.8
"Rakkestad","Hjerte-og karsykdommer (I00-I99)",113,112.1,111,105.8,105.5,101
"Råde","Hjerte-og karsykdommer (I00-I99)",75.1,70.7,72.6,71.3,71.9,73
"Rygge","Hjerte-og karsykdommer (I00-I99)",66.9,65.3,65.9,63.5,59.4,55.3
"Våler (Østfold)","Hjerte-og karsykdommer (I00-I99)",73.5,75.9,67.1,67.5,67.1,62.5
"Hobøl","Hjerte-og karsykdommer (I00-I99)",89.3,82.8,66.3,52.3,46.3,42
"Vestby","Hjerte-og karsykdommer (I00-I99)",81.1,72.3,66.2,59.7,51.9,53.6
"Ski","Hjerte-og karsykdommer (I00-I99)",64.1,63,58.6,58.2,54.7,49.3
"Ås","Hjerte-og karsykdommer (I00-I99)",62.4,61.5,57.8,56.5,54.2,54.7
"Frogn","Hjerte-og karsykdommer (I00-I99)",57.1,57.7,63.8,60,53.1,54.4
"Nesodden","Hjerte-og karsykdommer (I00-I99)",69.1,65.3,62.5,57.6,53,48.8
"Oppegård","Hjerte-og karsykdommer (I00-I99)",66.1,58.9,54.7,51.4,46.7,46.8
"Bærum","Hjerte-og karsykdommer (I00-I99)",56.2,51.1,47.1,45,43.2,42.5
"Asker","Hjerte-og karsykdommer (I00-I99)",57.3,52.9,47.1,43.9,41.8,38.8
"Aurskog-Høland","Hjerte-og karsykdommer (I00-I99)",77.7,74.2,74.5,70.4,65.5,63.1
"Sørum","Hjerte-og karsykdommer (I00-I99)",78.6,68.5,66.1,60.1,61,59
"Fet","Hjerte-og karsykdommer (I00-I99)",54.7,52.8,47.8,44.2,39.5,40.4
"Rælingen","Hjerte-og karsykdommer (I00-I99)",88.4,86.3,80.7,78.3,66.1,60.5
"Enebakk","Hjerte-og karsykdommer (I00-I99)",93.6,93.8,86.1,76.7,74.2,71.1
"Lørenskog","Hjerte-og karsykdommer (I00-I99)",68,61.4,62,56.6,58.3,58.4
"Skedsmo","Hjerte-og karsykdommer (I00-I99)",80,70.3,64.7,57.6,54.9,51.6
"Nittedal","Hjerte-og karsykdommer (I00-I99)",73.4,65.6,62.8,59.6,56,50.8
"Gjerdrum","Hjerte-og karsykdommer (I00-I99)",60.8,55.9,52.2,50.7,51.5,49.8
"Ullensaker","Hjerte-og karsykdommer (I00-I99)",82.4,74.9,70.9,65.1,64.3,60.9
"Nes (Akershus)","Hjerte-og karsykdommer (I00-I99)",96,91,89.9,85.3,84.5,79.9
"Eidsvoll","Hjerte-og karsykdommer (I00-I99)",98.5,91.8,88.2,81.6,76,73.9
"Nannestad","Hjerte-og karsykdommer (I00-I99)",88.9,90.4,80,77.5,65,62
"Hurdal","Hjerte-og karsykdommer (I00-I99)",81.9,62.8,51.1,57.5,60.4,55.2
"Oslo","Hjerte-og karsykdommer (I00-I99)",84.4,79.6,75,71.3,67.4,63.4
"Kongsvinger","Hjerte-og karsykdommer (I00-I99)",113.6,111.4,107.4,100.8,100.3,92.3
"Hamar","Hjerte-og karsykdommer (I00-I99)",69.7,61.7,53.7,52.2,47.2,46.7
"Ringsaker","Hjerte-og karsykdommer (I00-I99)",100.2,92.7,82,78.6,75.4,72.3
"Løten","Hjerte-og karsykdommer (I00-I99)",89,84.2,71.5,72.4,68,69.2
"Stange","Hjerte-og karsykdommer (I00-I99)",81.2,74.7,75.6,75.4,73.7,71.2
"Nord-Odal","Hjerte-og karsykdommer (I00-I99)",117.6,115.2,101.7,97.4,88.1,79.9
"Sør-Odal","Hjerte-og karsykdommer (I00-I99)",99.6,102.3,96.3,81.5,72.6,72.4
"Eidskog","Hjerte-og karsykdommer (I00-I99)",113.3,105.1,103.9,96.7,96.8,95.5
"Grue","Hjerte-og karsykdommer (I00-I99)",86.5,92.4,91.9,86.8,87.9,87
"Åsnes","Hjerte-og karsykdommer (I00-I99)",91.3,94.9,89.4,86.9,87.2,84.9
"Våler (Hedmark)","Hjerte-og karsykdommer (I00-I99)",99.4,95.8,97.9,91.8,67.5,51.1
"Elverum","Hjerte-og karsykdommer (I00-I99)",59.3,57.8,57.1,54.5,56.1,49.8
"Trysil","Hjerte-og karsykdommer (I00-I99)",96.8,88.4,88.6,90.1,90.4,86
"Åmot","Hjerte-og karsykdommer (I00-I99)",99.9,82,79.6,69.4,69.7,68.2
"Stor-Elvdal","Hjerte-og karsykdommer (I00-I99)",85.4,77.8,70.5,65.5,54.2,62.9
"Rendalen","Hjerte-og karsykdommer (I00-I99)",130.9,106.9,94.8,92.7,83.5,76.6
"Engerdal","Hjerte-og karsykdommer (I00-I99)",94.5,84.2,85.6,80.5,81.1,75.7
"Tolga","Hjerte-og karsykdommer (I00-I99)",62.2,46.4,46.7,35.3,41.3,41.3
"Tynset","Hjerte-og karsykdommer (I00-I99)",86,86.2,80.9,79.3,79.3,79.5
"Alvdal","Hjerte-og karsykdommer (I00-I99)",58.7,52.1,49,37.9,38.3,42.4
"Folldal","Hjerte-og karsykdommer (I00-I99)",110.1,95.3,95.1,74.8,64.8,54.4
"Os (Hedmark)","Hjerte-og karsykdommer (I00-I99)",73.7,59.6,64.3,73.5,69.2,60.2
"Lillehammer","Hjerte-og karsykdommer (I00-I99)",75.4,72.4,65.4,63.8,60,57.9
"Gjøvik","Hjerte-og karsykdommer (I00-I99)",93.9,90,85.2,81.2,72.5,68.2
"Dovre","Hjerte-og karsykdommer (I00-I99)",111,92.7,80.7,83.9,83.8,75
"Lesja","Hjerte-og karsykdommer (I00-I99)",56.8,65.5,54.4,55.4,56.9,61.8
"Skjåk","Hjerte-og karsykdommer (I00-I99)",123.5,123.6,114.1,97.5,80.7,70.5
"Lom","Hjerte-og karsykdommer (I00-I99)",120.3,117.5,118,115.5,112.4,95
"Vågå","Hjerte-og karsykdommer (I00-I99)",77.8,78.7,81,88.2,83.9,81.6
"Nord-Fron","Hjerte-og karsykdommer (I00-I99)",115.1,104.6,92.4,90.7,78.6,68
"Sel","Hjerte-og karsykdommer (I00-I99)",86.8,75.4,77,69.9,58.6,57.4
"Sør-Fron","Hjerte-og karsykdommer (I00-I99)",79.8,77.4,72.4,59.5,54.3,49.1
"Ringebu","Hjerte-og karsykdommer (I00-I99)",102.4,100.1,83.3,73.4,77.9,80.2
"Øyer","Hjerte-og karsykdommer (I00-I99)",87.9,83.7,64.3,62.3,60.3,60.2
"Gausdal","Hjerte-og karsykdommer (I00-I99)",85.1,76.9,71.3,76.1,73.4,63.4
"Østre Toten","Hjerte-og karsykdommer (I00-I99)",98.7,91.9,86.1,84.7,79.9,69.9
"Vestre Toten","Hjerte-og karsykdommer (I00-I99)",103.6,93.8,88.3,77.7,72.2,75.4
"Jevnaker","Hjerte-og karsykdommer (I00-I99)",117.4,103.3,90.3,89.1,83.2,77.9
"Lunner","Hjerte-og karsykdommer (I00-I99)",92.1,80.7,86,73.2,70,63.8
"Gran","Hjerte-og karsykdommer (I00-I99)",102.8,94.2,85.4,86.1,82.9,75.3
"Søndre Land","Hjerte-og karsykdommer (I00-I99)",115.8,117.5,113,103.8,109.5,99.1
"Nordre Land","Hjerte-og karsykdommer (I00-I99)",108.7,96,87.1,86,88.9,86.8
"Sør-Aurdal","Hjerte-og karsykdommer (I00-I99)",111.8,102.5,105.5,102.8,99.9,94.1
"Etnedal","Hjerte-og karsykdommer (I00-I99)",126.2,121.7,101.2,91.6,86.4,93.2
"Nord-Aurdal","Hjerte-og karsykdommer (I00-I99)",87.5,88.8,90.1,79.6,85.2,90.6
"Vestre Slidre","Hjerte-og karsykdommer (I00-I99)",133.2,106.4,106.9,103.3,88,80.2
"Øystre Slidre","Hjerte-og karsykdommer (I00-I99)",96.3,81.9,68.3,73.6,66.9,60.1
"Vang","Hjerte-og karsykdommer (I00-I99)",81.7,82,82.3,82.1,87.2,80.9
"Drammen","Hjerte-og karsykdommer (I00-I99)",97.1,90.2,86.3,79.2,76.3,72.3
"Kongsberg","Hjerte-og karsykdommer (I00-I99)",63.6,61,61,59.5,53.3,52
"Ringerike","Hjerte-og karsykdommer (I00-I99)",86.6,81.9,76.1,69.8,67.5,64.7
"Hole","Hjerte-og karsykdommer (I00-I99)",77.9,74.9,67.8,61.5,55.1,48.8
"Flå","Hjerte-og karsykdommer (I00-I99)",63.4,58.1,66,46.6,46.6,46.6
"Nes (Buskerud)","Hjerte-og karsykdommer (I00-I99)",85,81.9,90.3,93.1,74,65.9
"Gol","Hjerte-og karsykdommer (I00-I99)",58.9,53.1,52.7,43.4,38.6,42.6
"Hemsedal","Hjerte-og karsykdommer (I00-I99)",60.7,54.2,48,35.4,41,35
"Ål","Hjerte-og karsykdommer (I00-I99)",86.1,90.8,85.2,79.1,72.9,68.9
"Hol","Hjerte-og karsykdommer (I00-I99)",75.5,75.8,71.5,71.3,66.6,62.2
"Sigdal","Hjerte-og karsykdommer (I00-I99)",93.2,91.8,100,95.2,89.6,72.7
"Krødsherad","Hjerte-og karsykdommer (I00-I99)",148.1,152.8,143.8,116.7,89.3,79.3
"Modum","Hjerte-og karsykdommer (I00-I99)",77,68.7,66.4,61.3,60.1,59.9
"Øvre Eiker","Hjerte-og karsykdommer (I00-I99)",99.7,88.7,85.6,81.1,76.3,75.3
"Nedre Eiker","Hjerte-og karsykdommer (I00-I99)",88.1,86.1,82.6,80.6,71,69
"Lier","Hjerte-og karsykdommer (I00-I99)",79.6,73.9,72.8,70.3,64,58.6
"Røyken","Hjerte-og karsykdommer (I00-I99)",84.2,76,70.3,70.6,71.7,71.9
"Hurum","Hjerte-og karsykdommer (I00-I99)",85,80,71.5,70.2,63.8,54.9
"Flesberg","Hjerte-og karsykdommer (I00-I99)",46.9,38.6,34.6,34.2,29.9,36.1
"Rollag","Hjerte-og karsykdommer (I00-I99)",93.9,87.4,79.9,73,71.7,50.9
"Nore og Uvdal","Hjerte-og karsykdommer (I00-I99)",54.4,48.9,47.2,41,34.8,25.3
"Horten","Hjerte-og karsykdommer (I00-I99)",82.5,79.9,74.3,71.5,68.8,64.3
"Holmestrand","Hjerte-og karsykdommer (I00-I99)",89.2,82.6,80.8,72.1,66.6,58.9
"Tønsberg","Hjerte-og karsykdommer (I00-I99)",82,75.9,71.9,69,67.1,62.9
"Sandefjord","Hjerte-og karsykdommer (I00-I99)",76.7,68.6,66.6,65.4,62.8,59.4
"Larvik","Hjerte-og karsykdommer (I00-I99)",81.3,75.6,70.9,68.3,63.9,60.8
"Svelvik","Hjerte-og karsykdommer (I00-I99)",114.5,105,86,75.1,69.3,67.5
"Sande (Vestfold)","Hjerte-og karsykdommer (I00-I99)",79.2,80.2,74.9,62.9,68.3,61.9
"Hof","Hjerte-og karsykdommer (I00-I99)",96.5,84.7,67.9,80.3,79.6,70.2
"Re","Hjerte-og karsykdommer (I00-I99)",69.2,59,52.6,50.7,50.2,48.7
"Andebu","Hjerte-og karsykdommer (I00-I99)",81.4,69.4,73.3,65.8,51.3,53.1
"Stokke","Hjerte-og karsykdommer (I00-I99)",70,64.8,59.3,59.6,57,58.5
"Nøtterøy","Hjerte-og karsykdommer (I00-I99)",65.1,63.9,60.3,55.2,57.7,54.5
"Tjøme","Hjerte-og karsykdommer (I00-I99)",85.9,81.1,73.5,75,60.8,55.8
"Lardal","Hjerte-og karsykdommer (I00-I99)",68.6,74,78.6,67.1,75.4,75.2
"Porsgrunn","Hjerte-og karsykdommer (I00-I99)",92.5,85.9,83.4,80.1,78.5,72.8
"Skien","Hjerte-og karsykdommer (I00-I99)",81.2,78.2,71.7,69.5,66.9,62.4
"Notodden","Hjerte-og karsykdommer (I00-I99)",70.8,66.8,67.9,65,62.8,62.8
"Siljan","Hjerte-og karsykdommer (I00-I99)",60,55.2,45.4,45,44.6,40.1
"Bamble","Hjerte-og karsykdommer (I00-I99)",91.9,83.5,79,73.8,75.6,74.7
"Kragerø","Hjerte-og karsykdommer (I00-I99)",106.9,104.9,93.5,79.6,74.1,74.7
"Drangedal","Hjerte-og karsykdommer (I00-I99)",117.5,114.3,96.9,92.6,88.1,83
"Nome","Hjerte-og karsykdommer (I00-I99)",79,75.1,79.6,76.8,66.9,62.5
"Bø (Telemark)","Hjerte-og karsykdommer (I00-I99)",71.2,55,56.9,58.9,52.7,52.2
"Sauherad","Hjerte-og karsykdommer (I00-I99)",70.1,71.9,66.6,54.6,49.6,53.5
"Tinn","Hjerte-og karsykdommer (I00-I99)",102.8,98.7,95.9,92.7,79.9,78
"Hjartdal","Hjerte-og karsykdommer (I00-I99)",82.7,87.9,68.1,58.2,43,43
"Seljord","Hjerte-og karsykdommer (I00-I99)",39.7,30.4,39.2,36.1,33,39.1
"Kviteseid","Hjerte-og karsykdommer (I00-I99)",124.2,117.2,103.2,89.1,81.8,78
"Nissedal","Hjerte-og karsykdommer (I00-I99)",66.2,66,51.3,58,63.2,69.8
"Fyresdal","Hjerte-og karsykdommer (I00-I99)",151.6,137.6,130.2,116.1,101.7,72.4
"Tokke","Hjerte-og karsykdommer (I00-I99)",82.5,69.5,63.7,71.3,57.1,65.1
"Vinje","Hjerte-og karsykdommer (I00-I99)",84.2,86.7,74.1,71.8,69.3,66.4
"Risør","Hjerte-og karsykdommer (I00-I99)",79,78.6,74.2,65.5,63.7,66
"Grimstad","Hjerte-og karsykdommer (I00-I99)",82.6,77.2,73.6,69,62.4,57.1
"Arendal","Hjerte-og karsykdommer (I00-I99)",85.5,81.8,74.2,71,67.2,65.3
"Gjerstad","Hjerte-og karsykdommer (I00-I99)",122.7,101.3,103.8,90.4,85.5,93.1
"Vegårshei","Hjerte-og karsykdommer (I00-I99)",99.2,87.8,87.8,99.4,105.3,87.5
"Tvedestrand","Hjerte-og karsykdommer (I00-I99)",93.7,93.4,81.5,84.6,81.1,82.4
"Froland","Hjerte-og karsykdommer (I00-I99)",92.1,97.1,85.5,88.8,88.7,90.7
"Lillesand","Hjerte-og karsykdommer (I00-I99)",70.5,72.5,67.8,64.2,59.3,51.6
"Birkenes","Hjerte-og karsykdommer (I00-I99)",78.8,70.7,68.8,62,61.4,57.7
"Åmli","Hjerte-og karsykdommer (I00-I99)",128.9,117.3,116.4,106,75.5,70.1
"Iveland","Hjerte-og karsykdommer (I00-I99)",82.8,71,35.8,35.8,":",38.3
"Evje og Hornnes","Hjerte-og karsykdommer (I00-I99)",80.9,77.2,64.2,57.8,57.4,60.2
"Bygland","Hjerte-og karsykdommer (I00-I99)",75,59.5,73.5,72.8,65.2,70.8
"Valle","Hjerte-og karsykdommer (I00-I99)",59.2,52.1,44.8,29.7,22.1,21.5
"Bykle","Hjerte-og karsykdommer (I00-I99)",100.8,64.9,64.9,47.4,":",65.5
"Kristiansand","Hjerte-og karsykdommer (I00-I99)",75.9,71.2,66.3,62.2,56.3,53.4
"Mandal","Hjerte-og karsykdommer (I00-I99)",71.6,71.8,66.4,60.2,52.9,50.7
"Farsund","Hjerte-og karsykdommer (I00-I99)",81.9,76.4,64.8,65.2,64.7,60.2
"Flekkefjord","Hjerte-og karsykdommer (I00-I99)",77.6,66.9,73.3,68.6,59,58.5
"Vennesla","Hjerte-og karsykdommer (I00-I99)",63.5,60.4,57.4,53.4,47.6,47.5
"Songdalen","Hjerte-og karsykdommer (I00-I99)",68.2,64.7,63.4,61.8,56.3,53.7
"Søgne","Hjerte-og karsykdommer (I00-I99)",56.9,54.5,49.3,50.3,48.7,42
"Marnardal","Hjerte-og karsykdommer (I00-I99)",50.4,31.3,37.2,53.2,53.4,53.4
"Åseral","Hjerte-og karsykdommer (I00-I99)",118.2,119.5,107,94.1,94.8,122.3
"Audnedal","Hjerte-og karsykdommer (I00-I99)",92.3,78,76.8,83.5,53.8,60.2
"Lindesnes","Hjerte-og karsykdommer (I00-I99)",48.4,37.1,38.6,38.2,37.1,33.9
"Lyngdal","Hjerte-og karsykdommer (I00-I99)",78.3,65.4,62.9,62.8,61.6,59
"Hægebostad","Hjerte-og karsykdommer (I00-I99)",108.8,101.4,92.9,79.6,85.5,79.1
"Kvinesdal","Hjerte-og karsykdommer (I00-I99)",102.1,91.5,86.7,76.7,74.4,60
"Sirdal","Hjerte-og karsykdommer (I00-I99)",62.3,62,62,54.9,54,53
"Eigersund","Hjerte-og karsykdommer (I00-I99)",76.6,72.6,66.2,64.6,64.7,65
"Sandnes","Hjerte-og karsykdommer (I00-I99)",73.9,70.4,63.7,58.5,58.3,56.7
"Stavanger","Hjerte-og karsykdommer (I00-I99)",71.2,66.8,64.5,61.8,60.4,57.4
"Haugesund","Hjerte-og karsykdommer (I00-I99)",89.7,83.5,77.8,71.3,70.2,65.4
"Sokndal","Hjerte-og karsykdommer (I00-I99)",69.3,61.4,52.7,59.3,53.5,50.5
"Lund","Hjerte-og karsykdommer (I00-I99)",69.3,68.4,78.7,81.3,80.7,80.4
"Bjerkreim","Hjerte-og karsykdommer (I00-I99)",61,46.8,41.8,46.6,40.6,44.3
"Hå","Hjerte-og karsykdommer (I00-I99)",74.5,64.7,64.8,61.2,63.3,58.9
"Klepp","Hjerte-og karsykdommer (I00-I99)",48.6,40.1,38.2,39.2,39.5,36.2
"Time","Hjerte-og karsykdommer (I00-I99)",63.1,56.7,57.3,48.7,43.5,46
"Gjesdal","Hjerte-og karsykdommer (I00-I99)",82.8,70.2,58.8,53.5,57.3,54.5
"Sola","Hjerte-og karsykdommer (I00-I99)",55.4,54.3,47.9,46.2,46.2,41.6
"Randaberg","Hjerte-og karsykdommer (I00-I99)",48.5,40.8,44.5,38.6,36.7,38.4
"Forsand","Hjerte-og karsykdommer (I00-I99)",68.9,65,74.4,50.2,38.9,38.9
"Strand","Hjerte-og karsykdommer (I00-I99)",51.7,52,47.9,44.3,39.1,39.9
"Hjelmeland","Hjerte-og karsykdommer (I00-I99)",107.8,100.2,92.7,99.9,85.2,81
"Suldal","Hjerte-og karsykdommer (I00-I99)",49.3,56.9,62.2,55.2,52.9,55.8
"Sauda","Hjerte-og karsykdommer (I00-I99)",95.2,104.6,97.3,95,84.3,84.1
"Finnøy","Hjerte-og karsykdommer (I00-I99)",86.2,78.2,62.3,58,53.6,48.9
"Rennesøy","Hjerte-og karsykdommer (I00-I99)",61,60.1,61.5,61.5,44.9,41.8
"Kvitsøy","Hjerte-og karsykdommer (I00-I99)",":",":",":",":",":",":"
"Bokn","Hjerte-og karsykdommer (I00-I99)",":",":",":",":",":",":"
"Tysvær","Hjerte-og karsykdommer (I00-I99)",53.6,50,43.3,38.4,33.6,33.5
"Karmøy","Hjerte-og karsykdommer (I00-I99)",74.8,70.7,66.2,63.5,60.7,54.1
"Utsira","Hjerte-og karsykdommer (I00-I99)",":",":",":",":",":",":"
"Vindafjord","Hjerte-og karsykdommer (I00-I99)",87.2,80.7,74.1,72.8,71.5,59.5
"Bergen","Hjerte-og karsykdommer (I00-I99)",75.9,73,68.3,65.2,62.6,60.2
"Etne","Hjerte-og karsykdommer (I00-I99)",76.5,75.4,85.1,89.6,91.9,83.7
"Sveio","Hjerte-og karsykdommer (I00-I99)",82.9,74.9,61.4,64.7,61.1,55
"Bømlo","Hjerte-og karsykdommer (I00-I99)",69.5,67.1,63.1,58.2,53.9,47.8
"Stord","Hjerte-og karsykdommer (I00-I99)",71.1,66.2,65.6,63.3,67.2,64.8
"Fitjar","Hjerte-og karsykdommer (I00-I99)",75.4,79.4,71.1,58.3,60.8,64.5
"Tysnes","Hjerte-og karsykdommer (I00-I99)",71.6,54.7,51,47.4,47.4,41.1
"Kvinnherad","Hjerte-og karsykdommer (I00-I99)",81.3,75,69.9,62.4,60.8,57.6
"Jondal","Hjerte-og karsykdommer (I00-I99)",68,50.2,58.4,41.7,65.1,80.3
"Odda","Hjerte-og karsykdommer (I00-I99)",94.6,86.2,77.7,76.2,71.9,70.2
"Ullensvang","Hjerte-og karsykdommer (I00-I99)",73.6,77.1,73,69.8,71.6,68.9
"Eidfjord","Hjerte-og karsykdommer (I00-I99)",126.2,126.2,95.8,94.8,104.9,103.9
"Ulvik","Hjerte-og karsykdommer (I00-I99)",74.4,58.8,50.7,25.3,25.3,25.3
"Granvin","Hjerte-og karsykdommer (I00-I99)",48.6,47.6,47.6,47.6,47.6,38.2
"Voss","Hjerte-og karsykdommer (I00-I99)",64.5,60.7,54,56.2,52.2,55.8
"Kvam","Hjerte-og karsykdommer (I00-I99)",70.7,63.5,64.4,62.8,59.1,55.2
"Fusa","Hjerte-og karsykdommer (I00-I99)",83.6,80.3,72,69.2,58.6,56
"Samnanger","Hjerte-og karsykdommer (I00-I99)",90.9,95.6,91.3,77.5,77.5,85.4
"Os (Hordaland)","Hjerte-og karsykdommer (I00-I99)",62.7,64,56.7,59.5,57.3,53.5
"Austevoll","Hjerte-og karsykdommer (I00-I99)",95.9,82.5,82.1,74.3,71,67.7
"Sund","Hjerte-og karsykdommer (I00-I99)",79.2,71,64.6,59,58.8,54.4
"Fjell","Hjerte-og karsykdommer (I00-I99)",74.6,68.6,67.6,65.7,62.8,61.2
"Askøy","Hjerte-og karsykdommer (I00-I99)",77.5,75.3,71.8,70.4,67.2,63.6
"Vaksdal","Hjerte-og karsykdommer (I00-I99)",67.7,54.2,53.1,43.5,50.5,51.2
"Modalen","Hjerte-og karsykdommer (I00-I99)",":",":",":",":",":",":"
"Osterøy","Hjerte-og karsykdommer (I00-I99)",78.8,70.3,65.2,77.3,80.9,82.6
"Meland","Hjerte-og karsykdommer (I00-I99)",60.4,69.3,78.2,83.8,61.1,59.8
"Øygarden","Hjerte-og karsykdommer (I00-I99)",78.5,86,81.8,80.2,84.6,80.6
"Radøy","Hjerte-og karsykdommer (I00-I99)",58.2,57.5,54.4,41.4,37.9,42
"Lindås","Hjerte-og karsykdommer (I00-I99)",57.3,53.6,46.2,42.1,43.7,45.2
"Austrheim","Hjerte-og karsykdommer (I00-I99)",60.3,59.2,56.3,53.5,41.4,56.7
"Fedje","Hjerte-og karsykdommer (I00-I99)",82.3,69.9,69.9,69.9,58.6,35.6
"Masfjorden","Hjerte-og karsykdommer (I00-I99)",89.3,106.6,90.5,90.5,80.7,65.1
"Flora","Hjerte-og karsykdommer (I00-I99)",84,77.9,72.6,66.3,65.6,66.7
"Gulen","Hjerte-og karsykdommer (I00-I99)",71.1,67.3,59.4,66.5,66.5,62.1
"Solund","Hjerte-og karsykdommer (I00-I99)",82.6,73.6,64.2,55.2,55.1,63.6
"Hyllestad","Hjerte-og karsykdommer (I00-I99)",85.9,89.4,63.8,74.5,72.9,83.5
"Høyanger","Hjerte-og karsykdommer (I00-I99)",92.1,79.1,77.1,70.5,72.9,59.5
"Vik","Hjerte-og karsykdommer (I00-I99)",84.4,85.2,82.4,78.6,70.7,66.1
"Balestrand","Hjerte-og karsykdommer (I00-I99)",85.8,82.9,75.9,75.9,83.1,83.1
"Leikanger","Hjerte-og karsykdommer (I00-I99)",68.2,63.2,76,66.1,65.7,60.8
"Sogndal","Hjerte-og karsykdommer (I00-I99)",72.4,63.8,56.3,53.9,59.3,60
"Aurland","Hjerte-og karsykdommer (I00-I99)",95.9,80.7,65.4,76.7,60.7,66.4
"Lærdal","Hjerte-og karsykdommer (I00-I99)",97.1,91.7,82.1,82.1,79.6,59.5
"Årdal","Hjerte-og karsykdommer (I00-I99)",76.9,69.3,62.2,56.1,56.8,51.2
"Luster","Hjerte-og karsykdommer (I00-I99)",90.6,86,87.7,79.4,78.8,66.7
"Askvoll","Hjerte-og karsykdommer (I00-I99)",85.1,84.8,73.7,68.1,59.7,51.8
"Fjaler","Hjerte-og karsykdommer (I00-I99)",68.7,71.8,59.5,53.6,53.6,47.2
"Gaular","Hjerte-og karsykdommer (I00-I99)",69.6,73.5,66.3,62.5,62.3,58.5
"Jølster","Hjerte-og karsykdommer (I00-I99)",87.3,87.2,87.2,76,65.1,61.5
"Førde","Hjerte-og karsykdommer (I00-I99)",53.9,52.3,47.3,42.5,37.2,37.6
"Naustdal","Hjerte-og karsykdommer (I00-I99)",63.9,59.6,59.6,51.2,47.1,34.9
"Bremanger","Hjerte-og karsykdommer (I00-I99)",56.1,59,57.9,60.4,53.3,51.4
"Vågsøy","Hjerte-og karsykdommer (I00-I99)",74.1,65.2,64.1,66.1,61.9,56.1
"Selje","Hjerte-og karsykdommer (I00-I99)",82,73.8,73.1,81.8,81.4,84.5
"Eid","Hjerte-og karsykdommer (I00-I99)",67.5,61.2,52.7,54.3,48.1,49.6
"Hornindal","Hjerte-og karsykdommer (I00-I99)",54.7,54.7,79,71.8,73.1,57.3
"Gloppen","Hjerte-og karsykdommer (I00-I99)",58.5,51.4,46,44.2,35.1,34.7
"Stryn","Hjerte-og karsykdommer (I00-I99)",65.5,66.5,68.1,59.6,52.7,49
"Molde","Hjerte-og karsykdommer (I00-I99)",55.3,49.9,45.9,45.5,44.2,41.9
"Ålesund","Hjerte-og karsykdommer (I00-I99)",69.7,65.2,60,57.8,56.1,54.7
"Kristiansund","Hjerte-og karsykdommer (I00-I99)",79.1,73.8,66.7,66.5,61.6,63.8
"Vanylven","Hjerte-og karsykdommer (I00-I99)",75.5,61.8,52.6,54.6,53.6,51
"Sande (Møre og Romsdal)","Hjerte-og karsykdommer (I00-I99)",61.1,58.6,46.6,40.8,44.7,52.2
"Herøy (Møre og Romsdal)","Hjerte-og karsykdommer (I00-I99)",54.2,55.1,54.9,57.2,54.6,56.6
"Ulstein","Hjerte-og karsykdommer (I00-I99)",67.4,65.5,60.4,56.1,55.2,41.8
"Hareid","Hjerte-og karsykdommer (I00-I99)",59.7,50.1,52.2,59,50,49.9
"Volda","Hjerte-og karsykdommer (I00-I99)",62.9,60.9,60.4,52.4,48.2,42.2
"Ørsta","Hjerte-og karsykdommer (I00-I99)",66,62.1,57.3,52.4,50.6,49.6
"Ørskog","Hjerte-og karsykdommer (I00-I99)",58.3,47.8,47.2,51.1,40.3,35.1
"Norddal","Hjerte-og karsykdommer (I00-I99)",64.2,74.6,68.9,63.3,63.2,68.4
"Stranda","Hjerte-og karsykdommer (I00-I99)",41.4,39.3,33.4,31.6,31.9,32.6
"Stordal","Hjerte-og karsykdommer (I00-I99)",":",":",":",":",":",":"
"Sykkylven","Hjerte-og karsykdommer (I00-I99)",62.9,59.6,54.7,54.6,57,53.5
"Skodje","Hjerte-og karsykdommer (I00-I99)",63.7,41.8,41.3,47.3,49.8,48.9
"Sula","Hjerte-og karsykdommer (I00-I99)",54.5,46.7,51.2,43.9,39.6,41
"Giske","Hjerte-og karsykdommer (I00-I99)",55.8,62.4,55,56.3,48.8,45.3
"Haram","Hjerte-og karsykdommer (I00-I99)",51.2,53.6,53.7,56,50.5,54.9
"Vestnes","Hjerte-og karsykdommer (I00-I99)",76.9,74.4,62.2,61.8,61.4,58.9
"Rauma","Hjerte-og karsykdommer (I00-I99)",89.2,74.9,78.8,74.8,72.1,67.9
"Nesset","Hjerte-og karsykdommer (I00-I99)",91.1,85.5,82.7,77.2,80.7,84
"Midsund","Hjerte-og karsykdommer (I00-I99)",60,51.3,65.7,61.1,65.9,61.6
"Sandøy","Hjerte-og karsykdommer (I00-I99)",79,54.3,58.4,66.2,60.4,76.6
"Aukra","Hjerte-og karsykdommer (I00-I99)",46.1,34.4,36.8,29,25.4,21.6
"Fræna","Hjerte-og karsykdommer (I00-I99)",71.2,61.5,60.9,57.5,48.7,49
"Eide","Hjerte-og karsykdommer (I00-I99)",120.3,103.7,113.4,94.3,94.4,78.3
"Averøy","Hjerte-og karsykdommer (I00-I99)",77.5,73.6,67,64,53.2,56.8
"Gjemnes","Hjerte-og karsykdommer (I00-I99)",65.9,58.1,45.8,45.1,41.2,43.9
"Tingvoll","Hjerte-og karsykdommer (I00-I99)",89.2,75.1,66.7,58.2,55.4,58.1
"Sunndal","Hjerte-og karsykdommer (I00-I99)",95.8,84.1,81.5,81.1,75.6,76.3
"Surnadal","Hjerte-og karsykdommer (I00-I99)",76.1,65.3,59,61.9,50.9,49
"Rindal","Hjerte-og karsykdommer (I00-I99)",88.5,73.1,65.4,61.6,54.2,54.2
"Halsa","Hjerte-og karsykdommer (I00-I99)",91,81.4,85.7,76.3,80.9,85.6
"Smøla","Hjerte-og karsykdommer (I00-I99)",98.5,85,75.3,80.3,85,90.2
"Aure","Hjerte-og karsykdommer (I00-I99)",106.2,101.8,97.5,88.3,73.9,61.8
"Trondheim","Hjerte-og karsykdommer (I00-I99)",81.8,76,71.4,68,65.3,63
"Hemne","Hjerte-og karsykdommer (I00-I99)",84.7,68.6,54.5,45.2,46.4,46
"Snillfjord","Hjerte-og karsykdommer (I00-I99)",72.5,73.3,74.2,66.2,59.6,51.6
"Hitra","Hjerte-og karsykdommer (I00-I99)",84.2,88.5,90.7,86.6,90.6,79.6
"Frøya","Hjerte-og karsykdommer (I00-I99)",106.7,113.6,99.9,85.7,90.7,85.1
"Ørland","Hjerte-og karsykdommer (I00-I99)",96.4,86.3,80.1,63.9,61.6,61.3
"Agdenes","Hjerte-og karsykdommer (I00-I99)",48,48.2,48.8,45.1,45.1,45.9
"Rissa","Hjerte-og karsykdommer (I00-I99)",77.1,78.5,80,66.5,64.8,64.5
"Bjugn","Hjerte-og karsykdommer (I00-I99)",96.5,92.1,85.8,75.5,76.4,70
"Åfjord","Hjerte-og karsykdommer (I00-I99)",102,92,82,77.5,75.4,71.1
"Roan","Hjerte-og karsykdommer (I00-I99)",":",":",":",":",":",":"
"Osen","Hjerte-og karsykdommer (I00-I99)",76.8,69.6,76.7,76.5,53.1,37.5
"Oppdal","Hjerte-og karsykdommer (I00-I99)",100.7,94.5,90.7,92.7,90.4,77.3
"Rennebu","Hjerte-og karsykdommer (I00-I99)",69.4,69.7,63.3,60,66.3,69.3
"Meldal","Hjerte-og karsykdommer (I00-I99)",76.3,64.5,58.9,59.3,50.7,44.2
"Orkdal","Hjerte-og karsykdommer (I00-I99)",81.3,79.7,72,68.4,62.8,62.9
"Røros","Hjerte-og karsykdommer (I00-I99)",69.7,72.3,78.4,71.5,76,77.4
"Holtålen","Hjerte-og karsykdommer (I00-I99)",95.1,75.7,63.4,70,60.6,71
"Midtre Gauldal","Hjerte-og karsykdommer (I00-I99)",74.1,74.4,68.3,60.7,56,59.4
"Melhus","Hjerte-og karsykdommer (I00-I99)",87.1,82.8,79,72,71.5,73.3
"Skaun","Hjerte-og karsykdommer (I00-I99)",100.6,86.8,78.2,72.9,70.2,64.1
"Klæbu","Hjerte-og karsykdommer (I00-I99)",95.2,102.3,86.8,80,72.6,58.7
"Malvik","Hjerte-og karsykdommer (I00-I99)",85.4,82,66.9,56.7,54.9,46.5
"Selbu","Hjerte-og karsykdommer (I00-I99)",88.9,93.9,76.7,65.3,64.7,73.4
"Tydal","Hjerte-og karsykdommer (I00-I99)",89.8,64,45.9,46,36.8,36.8
"Steinkjer","Hjerte-og karsykdommer (I00-I99)",95.6,88.3,81.5,72.3,72.2,66.9
"Namsos","Hjerte-og karsykdommer (I00-I99)",83.7,80.2,77.5,74.7,70.9,62
"Meråker","Hjerte-og karsykdommer (I00-I99)",85.9,81.1,77.9,68.6,59,59
"Stjørdal","Hjerte-og karsykdommer (I00-I99)",86.1,79.3,69.6,65.4,66.1,58.9
"Frosta","Hjerte-og karsykdommer (I00-I99)",75.9,71.5,63.3,59.1,58.1,53.6
"Leksvik","Hjerte-og karsykdommer (I00-I99)",81.6,71.3,74.9,58.6,55.7,55.2
"Levanger","Hjerte-og karsykdommer (I00-I99)",67.5,60.8,58.6,55.6,57.4,56.9
"Verdal","Hjerte-og karsykdommer (I00-I99)",81.3,85,81.7,78.9,80.3,75.7
"Verran","Hjerte-og karsykdommer (I00-I99)",99.2,86.8,81,73.3,65.2,59.9
"Namdalseid","Hjerte-og karsykdommer (I00-I99)",89.3,70.6,66.2,56.2,56.4,56.7
"Snåsa","Hjerte-og karsykdommer (I00-I99)",109.2,113.5,105.8,102.5,98.9,84.3
"Lierne","Hjerte-og karsykdommer (I00-I99)",90.2,80.7,81.7,89,86.1,81.1
"Røyrvik","Hjerte-og karsykdommer (I00-I99)",":",":",":",":",":",":"
"Namsskogan","Hjerte-og karsykdommer (I00-I99)",75.7,68.4,61.3,46.7,54.9,47.4
"Grong","Hjerte-og karsykdommer (I00-I99)",77.2,59.4,63.5,60.3,49.3,34.2
"Høylandet","Hjerte-og karsykdommer (I00-I99)",66,64.4,56.4,63,63,62.1
"Overhalla","Hjerte-og karsykdommer (I00-I99)",67.3,70.2,73,64.2,69.3,65.9
"Fosnes","Hjerte-og karsykdommer (I00-I99)",76.4,76.4,57,57,46.4,46.4
"Flatanger","Hjerte-og karsykdommer (I00-I99)",86.6,83.3,70.5,64.1,57.6,58.3
"Vikna","Hjerte-og karsykdommer (I00-I99)",92.9,89,69.9,71.7,71.2,73.1
"Nærøy","Hjerte-og karsykdommer (I00-I99)",91.2,89.8,86.8,83.5,83.6,74.7
"Leka","Hjerte-og karsykdommer (I00-I99)",49.6,49.6,47.6,45.9,80.6,80.6
"Inderøy","Hjerte-og karsykdommer (I00-I99)",80.2,75.3,68.8,69.8,55.2,51.2
"Bodø","Hjerte-og karsykdommer (I00-I99)",78.9,69.9,64.2,58.2,54.1,50.4
"Narvik","Hjerte-og karsykdommer (I00-I99)",85.4,84.3,75.1,73.3,63.4,65.2
"Bindal","Hjerte-og karsykdommer (I00-I99)",115.6,101.2,87.2,77.9,68.5,68.5
"Sømna","Hjerte-og karsykdommer (I00-I99)",80.7,80.5,75.2,79.8,88.7,83.8
"Brønnøy","Hjerte-og karsykdommer (I00-I99)",87.4,83.8,80.6,66.3,57.8,57.5
"Vega","Hjerte-og karsykdommer (I00-I99)",108.4,84.9,67,73,85.4,73.2
"Vevelstad","Hjerte-og karsykdommer (I00-I99)",115.9,66.4,49.4,64.8,79.6,79.6
"Herøy (Nordland)","Hjerte-og karsykdommer (I00-I99)",104.7,109.2,98.6,92.9,97.4,85.7
"Alstahaug","Hjerte-og karsykdommer (I00-I99)",107.9,89,83.2,77.5,79.1,74.2
"Leirfjord","Hjerte-og karsykdommer (I00-I99)",87.8,76.9,76,84.4,87.6,82.6
"Vefsn","Hjerte-og karsykdommer (I00-I99)",90.8,85.2,81.1,80,71.6,65.8
"Grane","Hjerte-og karsykdommer (I00-I99)",101.3,91,91,81.1,61.2,46.4
"Hattfjelldal","Hjerte-og karsykdommer (I00-I99)",115.2,126,115.8,95.4,85.5,64.8
"Dønna","Hjerte-og karsykdommer (I00-I99)",100.5,103.8,100,112,87.5,92.8
"Nesna","Hjerte-og karsykdommer (I00-I99)",95.7,106.5,121.8,103.6,97.4,78.9
"Hemnes","Hjerte-og karsykdommer (I00-I99)",76.5,78.2,69.9,77.4,81.1,79.1
"Rana","Hjerte-og karsykdommer (I00-I99)",75.5,71.9,73.4,68.6,63,59.6
"Lurøy","Hjerte-og karsykdommer (I00-I99)",92.3,78,81.8,81.7,69.7,66
"Træna","Hjerte-og karsykdommer (I00-I99)",":",":",":",":",":",":"
"Rødøy","Hjerte-og karsykdommer (I00-I99)",94.8,88.7,83.8,79.6,67.2,74.4
"Meløy","Hjerte-og karsykdommer (I00-I99)",86.5,70.4,67.6,58.8,55.9,50.1
"Gildeskål","Hjerte-og karsykdommer (I00-I99)",99,91.7,84.7,69.8,69.8,70.3
"Beiarn","Hjerte-og karsykdommer (I00-I99)",123.7,117.5,123.7,111.9,105.7,105.4
"Saltdal","Hjerte-og karsykdommer (I00-I99)",101.7,93.2,89,76.3,69.4,64.8
"Fauske","Hjerte-og karsykdommer (I00-I99)",70.2,64.1,57.9,55.6,53.9,51.3
"Sørfold","Hjerte-og karsykdommer (I00-I99)",125.9,109.3,99.8,99.6,87.4,94.3
"Steigen","Hjerte-og karsykdommer (I00-I99)",115.5,100.8,94.9,95,79.1,81.9
"Hamarøy","Hjerte-og karsykdommer (I00-I99)",117.8,122,98.2,88.2,78.3,77.3
"Tysfjord","Hjerte-og karsykdommer (I00-I99)",123.8,123.5,122.4,113.4,104.8,100.1
"Lødingen","Hjerte-og karsykdommer (I00-I99)",94.5,91.2,77.4,63.6,70.5,60.3
"Tjeldsund","Hjerte-og karsykdommer (I00-I99)",87.1,87.6,71,71,71.2,59.8
"Evenes","Hjerte-og karsykdommer (I00-I99)",110.4,98.6,80.8,69.2,51.5,62.5
"Ballangen","Hjerte-og karsykdommer (I00-I99)",116.1,108.4,101.9,90.6,81.6,86.3
"Røst","Hjerte-og karsykdommer (I00-I99)",110.5,84.5,101,74.8,78.5,64.4
"Værøy","Hjerte-og karsykdommer (I00-I99)",133.6,145.1,155.5,142.5,130,117.4
"Flakstad","Hjerte-og karsykdommer (I00-I99)",75.8,70.8,65.9,60.5,51,53.4
"Vestvågøy","Hjerte-og karsykdommer (I00-I99)",85.5,80,79.8,83.4,84,81
"Vågan","Hjerte-og karsykdommer (I00-I99)",100.9,98.5,94.9,91.3,87.6,80.7
"Hadsel","Hjerte-og karsykdommer (I00-I99)",76.4,74,72.7,71.4,65.5,54.8
"Bø (Nordland)","Hjerte-og karsykdommer (I00-I99)",121.7,106.3,92.4,85.7,76.7,76.3
"Øksnes","Hjerte-og karsykdommer (I00-I99)",101.1,98.1,95.1,80.3,84.6,88.9
"Sortland","Hjerte-og karsykdommer (I00-I99)",93.6,89.2,86,90.8,90.4,86.6
"Andøy","Hjerte-og karsykdommer (I00-I99)",103.9,111.7,104.8,93,93,82.9
"Moskenes","Hjerte-og karsykdommer (I00-I99)",71.8,60.5,74.1,76.9,85,79.9
"Tromsø","Hjerte-og karsykdommer (I00-I99)",88.7,78.9,73.1,68.3,64.5,61.4
"Harstad","Hjerte-og karsykdommer (I00-I99)",100.5,94.7,94.1,86.7,80.5,74.9
"Kvæfjord","Hjerte-og karsykdommer (I00-I99)",116.7,115.6,108.9,106.9,105.6,92.5
"Skånland","Hjerte-og karsykdommer (I00-I99)",114.5,103.9,93.5,80.6,64.8,69.4
"Ibestad","Hjerte-og karsykdommer (I00-I99)",122.8,145.1,144.3,127.5,96.9,94.2
"Gratangen","Hjerte-og karsykdommer (I00-I99)",162,151.2,134.4,112,100.1,88.3
"Lavangen","Hjerte-og karsykdommer (I00-I99)",77.1,77.7,63,55.5,56.1,72.2
"Bardu","Hjerte-og karsykdommer (I00-I99)",91.2,87.8,73.6,73.4,67.5,56.6
"Salangen","Hjerte-og karsykdommer (I00-I99)",113.9,100.3,103.3,98.9,74.1,59.7
"Målselv","Hjerte-og karsykdommer (I00-I99)",81.1,78,74.9,71.8,62.3,60.4
"Sørreisa","Hjerte-og karsykdommer (I00-I99)",85.1,62.8,60.6,68.4,66.7,65.7
"Dyrøy","Hjerte-og karsykdommer (I00-I99)",146.9,122.1,123,111.3,92.9,86.4
"Tranøy","Hjerte-og karsykdommer (I00-I99)",145.5,135.6,116.4,107.3,112.8,113.4
"Torsken","Hjerte-og karsykdommer (I00-I99)",182.9,152.2,137.5,130.8,109,95.9
"Berg","Hjerte-og karsykdommer (I00-I99)",84.5,94.7,103.9,95.6,96.2,105.1
"Lenvik","Hjerte-og karsykdommer (I00-I99)",103.8,100.6,95.1,88.2,87.6,79.6
"Balsfjord","Hjerte-og karsykdommer (I00-I99)",107.1,98.4,93.8,93.1,95.7,87
"Karlsøy","Hjerte-og karsykdommer (I00-I99)",81,89.8,74.8,63.4,66.2,62.4
"Lyngen","Hjerte-og karsykdommer (I00-I99)",115.1,103.9,100.7,97.5,94.6,77.5
"Storfjord","Hjerte-og karsykdommer (I00-I99)",138,128.7,136.8,139.5,142.2,141.3
"Gáivuotna Kåfjord","Hjerte-og karsykdommer (I00-I99)",174.2,142.2,145.3,119.8,114.6,113.5
"Skjervøy","Hjerte-og karsykdommer (I00-I99)",108,113.1,114.8,114.3,114,106.7
"Nordreisa","Hjerte-og karsykdommer (I00-I99)",138.1,125.4,120.9,122.8,106.7,92.8
"Kvænangen","Hjerte-og karsykdommer (I00-I99)",135.9,124.7,113.3,91,96.4,107.6
"Vardø","Hjerte-og karsykdommer (I00-I99)",146.1,136.6,120.2,100.5,86.9,84.9
"Vadsø","Hjerte-og karsykdommer (I00-I99)",114.4,102.7,85.6,84.6,73.7,76.8
"Hammerfest","Hjerte-og karsykdommer (I00-I99)",103,90.5,81.4,76.6,77.9,74.2
"Guovdageaidnu Kautokeino","Hjerte-og karsykdommer (I00-I99)",98.6,83,63.4,78.1,83.8,61.8
"Alta","Hjerte-og karsykdommer (I00-I99)",79.8,77.9,73.7,72.3,65.8,62.5
"Loppa","Hjerte-og karsykdommer (I00-I99)",116.4,116.4,95.4,90.9,85.2,67.8
"Hasvik","Hjerte-og karsykdommer (I00-I99)",151.1,152.2,153,154.1,180,158.4
"Kvalsund","Hjerte-og karsykdommer (I00-I99)",116.3,121.1,112,134.4,132.7,132
"Måsøy","Hjerte-og karsykdommer (I00-I99)",150,134.8,119.4,115.9,111.8,91.7
"Nordkapp","Hjerte-og karsykdommer (I00-I99)",147.6,126.4,122.8,107.6,100.8,87.8
"Porsanger Porsángu Porsanki","Hjerte-og karsykdommer (I00-I99)",114.6,104.5,91.1,92.5,94.2,80.9
"Kárásjohka Karasjok","Hjerte-og karsykdommer (I00-I99)",103.7,101.1,104,111.5,111.7,119.6
"Lebesby","Hjerte-og karsykdommer (I00-I99)",109.4,101.9,93.7,86.6,105.1,105.8
"Gamvik","Hjerte-og karsykdommer (I00-I99)",153.4,152.1,142.8,125.7,116.6,131.1
"Berlevåg","Hjerte-og karsykdommer (I00-I99)",118.5,118.5,103.5,118.9,134.4,128.1
"Deatnu Tana","Hjerte-og karsykdommer (I00-I99)",135.6,121.9,117.9,127.9,110.1,107.2
"Unjárga Nesseby","Hjerte-og karsykdommer (I00-I99)",135.3,127.7,112.6,112.5,112.5,104.4
"Båtsfjord","Hjerte-og karsykdommer (I00-I99)",186.1,166.5,169.4,164.3,155.2,131.6
"Sør-Varanger","Hjerte-og karsykdommer (I00-I99)",125.2,117.5,113.1,112.1,96.9,90
